,Unknown_mort_perc,18–24_mort_perc,25–34_mort_perc,35-44_mort_perc,45-54_mort_perc,55–64_mort_perc,65–74_mort_perc,75+_mort_perc,Unknown_perc_joint,18–24_perc_joint,25–34_perc_joint,35-44_perc_joint,45-54_perc_joint,55–64_perc_joint,65–74_perc_joint,75+_perc_joint,Unknown_mort_per_capita,18–24_mort_per_capita,25–34_mort_per_capita,35-44_mort_per_capita,45-54_mort_per_capita,55–64_mort_per_capita,65–74_mort_per_capita,75+_mort_per_capita
200507,0.35389960464837666,0.29647283126787416,0.33462398736913335,0.36335502220039695,0.3750535470566553,0.37501927399917223,0.36127798402519967,0.31173544044483464,0.12260035544849669,0.05314958136471303,0.3219341584952242,0.5020519484521786,0.5144607026625323,0.4268778948316537,0.2534789551728071,0.09784775038944378,5302.565236549506,2967.275304951423,21719.90123471731,34207.35653824226,30949.46291674141,23977.57177796793,11706.437190601118,4047.3918835334007
200508,0.6000226808800182,0.5024119633381573,0.5549006541713986,0.5871736535498944,0.5906781675216384,0.5796417488060973,0.5507133477264128,0.4824353261184096,0.1262184561212659,0.05228444960086762,0.3207691450832578,0.5012554783346885,0.5139221823548872,0.42688677626385696,0.25401698384160476,0.0978099049581397,7818.3210426119695,3629.684489955484,27808.927619437563,44946.16869435367,40391.3060055475,31004.58287057693,14897.91652249624,4882.369706609909
