consumer_age_archive,auto,credit_card,first_mortgage,he_revolving,other,student_loan
0,0.05318205794439901,0.037289449704864044,0.6466666469358398,0.014090121660963765,0.017655649102040746,0.23111607465189263
1,0.2259378346572797,0.05560347446285533,0.24802509824557173,0.0005342204958041047,0.03626991392273179,0.4336294582157573
2,0.11601973363798802,0.0482378671652549,0.5906111654098662,0.0027644361928032307,0.02815604421837674,0.21421075337571083
3,0.08375736457182724,0.04536475036803835,0.718941369582417,0.009444807861587318,0.027266630626515347,0.11522507698961484
4,0.08395698845194599,0.05306804453979892,0.7317681861291574,0.01987261944965737,0.03159972196320827,0.07973443946623208
5,0.08128806095583668,0.0621983509399909,0.7291702709920318,0.03223996234100642,0.03560280252392803,0.059500552247206136
6,0.07734818925247607,0.07383672972721833,0.7312356718761122,0.04290469310118242,0.04084327170310389,0.0338314443399071
7,0.06455174856557447,0.0935083313307983,0.7177352367953599,0.062436326430831496,0.04306733981738334,0.0187010170600525
